Variable Name (Exactly as it appears in data),"Variable Class (Numeric, Factor, Character, Date, Time)",Test Group,Mininum Range (If Numeric),Maximum Range (If Numeric),Factors (Separated by ;),Variable Label (For output),Comments
Label,Character,FALSE,,,,Genzyme Label,
HE.Label,Character,FALSE,,,,H&E Image,
CXCR4.Image,Character,FALSE,,,,CXCR4 Image,
CXCR4.Image.Perc,Factor,FALSE,,,no staining;<10%,%,
CXCR4.Nucl,Factor,FALSE,,,negative;weak;moderate;strong,nuclear,
CXCR4.Nucl.Perc,Factor,FALSE,,,no staining;<10%,%,
CXCR4.Cyto,Factor,FALSE,,,negative;weak;weak (endothelial);moderate (endothelial);strong (endothelial),cytoplasmic,
SDF1.Image,Character,FALSE,,,,SDF1 Image,
SDF1.Image.Perc,Factor,FALSE,,,no staining;<10%;10-50%;>50%,%,
SDF1.Nucl,Factor,FALSE,,,negative;weak;weak (partial nuclear staining);moderate;moderate (partial nuclear staining);strong,nuclear,
SDF1.Nucl.Perc,Factor,FALSE,,,no staining;<10%;10-50%;>50%,%,
SDF1.Cyto,Factor,FALSE,,,negative;weak;moderate;strong,cyto,
Color,Character,FALSE,,,,UTHSCSA Animal,
Tx,Factor,TRUE,,,Control;SFLT1;AMD3100;AMD3100+SFLT1,Treatment group,
random.number,Numeric,FALSE,0,100,,Random Number,
CXCR4.Cyto.grp,Factor,FALSE,,,negative;weak;moderate;strong,nuclear grouped,
SDF1.Nucl.grp,Factor,FALSE,,,negative;weak;moderate;strong,nuclear grouped,
