Genzyme Label,H&E Image,CXCR4 Image,%,nuclear,%,cytoplasmic,SDF1 Image,%,nuclear,%,cyto,UTHSCSA Animal,Treatment group
1_A,146000,150000,1,0,1,0,157500,0,1,2,1,1 Purple,Control
2_A,146001,150001,0,1,0,0,157501,0,1,2,1,2 Purple,SFLT1
3_A,146002,150002,0,2,2,1,157502,2,0,2,3,4 Purple,SFLT1
4_A,146003,150003,1,3,2,1,157503,1,0,3,2,1 Orange,SFLT1
5_A,146004,150004,0,0,0,1,157504,1,0,2,2,2 Orange,AMD3100
6_A,146005,150005,0,1,1,1,157505,3,1,2,1,3 Orange,AMD3100
7_A,146006,150006,1,2,1,1e,157506,2,3,3,2,4 Orange,AMD3100+SFLT1
8_A,146007,150007,1,3,0,1e,157507,0,2,3,1,5 Orange,AMD3100+SFLT1
9_A,146008,150008,1,0,2,1e,157508,1,2pn,3,0,1Green,SFLT1
1_B,146009,150009,NT,NT,NT,NT,157509,NT,NT,NT,NT,2 Green,AMD3100 + SFLT1
2_B,146010,150010,0,2,0,2e,157510,2,2pn,3,4,3Green,AMD3100 + SFLT1
3_B,146011,150011,NT,NT,NT,N T,157511,NT,NT,NT,NT,4Green,AMD3100 + SFLT1
4_B,146012,150012,0,0,1,2e,157512,0,3,3,3,1 Blue,Control
6_B,146013,150013,0,1,0,2e,157513,2,0,3,1,2  Blue,Control
7_B,146014,150014,NT,NT,NT,NT,157514,NT,NT,NT,NT,3 Blue,Control
8_B,146015,150015,1,3,2,2e,157515,2,1,2,2,4 Blue,AMD3100
9_B,146016,150016,1,0,0,2e,157516,3,2pn,3,3,5 Blue,AMD3100
10_B,146017,150017,1,1,1,3e,157517,1,1pn,3,2,5 Purple,AMD3100
1_C,146009,150018,NT,NT,NT,NT,157518,NT,NT,NT,NT,12 Green,AMD3100 + SFLT1
2_C,146010,150019,0,2,0,2e,157519,2,2pn,3,3,13Green,AMD3100 + SFLT1
3_C,146011,150020,NT,NT,NT,N T,157520,NT,NT,NT,NT,14Green,AMD3100 + SFLT1
4_C,146012,150021,0,0,1,2e,157521,0,3,3,3,11 Blue,Control
5_C,146012,150022,0,0,1,2e,157522,0,3,3,3,11 Blue,Control
6_C,146013,150023,0,1,0,2e,157523,2,0,3,1,12  Blue,Control
7_C,146014,150024,NT,NT,NT,NT,157524,NT,NT,NT,NT,13 Blue,Control
8_C,146015,150025,1,3,2,2e,157525,2,1,2,2,14 Blue,AMD3100
9_C,146016,150026,1,0,0,2e,157526,3,2pn,3,3,15 Blue,AMD3100
10_C,146017,150027,1,1,1,3e,157527,1,1pn,3,2,15 Purple,AMD3100
THIS IS FAKE DATA INTENDED TO MIMIC THE STAIN ANALYSIS DATASET,,,,,,,,,,,,,
CXCR4  and SDF1,,,,,,,,,,,,,
% of cells ,,,NT=no tumor,,,,,,,,,,Control=no intervention
0=no staining,,,e= endothelial,,,,,,,,,,
1=<10%,,,pn=partial nuclear staining,,,,,,,,,,
2=10-50%,,,,,,,,,,,,,
3=>50%,,,,,,,,,,,,,
Nuclear intensitiy,,,,,,,,,,,,,
1 weak,,,,,,,,,,,,,
2 moderate,,,,,,,,,,,,,
3 strong,,,,,,,,,,,,,
Cytoplasmic intensity,,,,,,,,,,,,,
neg=1/weak=2/mod=3/strong=4,,,,,,,,,,,,,
